Mathematics,{Rust_Cpp_Finance},2023-05-23,02:40:00,2023-05-23,02:59:29,""
Mathematics,{Rust_Cpp_Finance},2023-05-23,02:40:00,2023-05-23,02:59:29,""
Mathematics,{Rust_Cpp_Finance},2023-05-23,02:23:18,2023-05-23,02:37:30,""
Mathematics,{Rust_Cpp_Finance},2023-05-23,02:23:18,2023-05-23,02:37:30,""
Mathematics,{Rust_Cpp_Finance},2023-05-23,00:57:44,2023-05-23,01:36:57,""
Mathematics,{Rust_Cpp_Finance},2023-05-23,00:57:44,2023-05-23,01:36:57,""
Mathematics,{Rust_Cpp_Finance},2023-05-22,23:44:30,2023-05-23,00:12:02,""
Mathematics,{Rust_Cpp_Finance},2023-05-22,23:44:30,2023-05-23,00:12:02,""
Mathematics,{Rust_Cpp_Finance},2023-05-22,23:13:47,2023-05-22,23:34:36,""
Mathematics,{Rust_Cpp_Finance},2023-05-22,23:13:47,2023-05-22,23:34:36,""
Programming,{Rust_Cpp_Finance},2023-05-22,22:06:18,2023-05-22,22:35:05,""
Programming,{Rust_Cpp_Finance},2023-05-22,22:06:18,2023-05-22,22:35:05,""
Programming,{Rust_Cpp_Finance},2023-05-22,21:15:55,2023-05-22,21:49:51,""
Programming,{Rust_Cpp_Finance},2023-05-22,21:15:55,2023-05-22,21:49:51,""
Programming,{Rust_Cpp_Finance},2023-05-22,19:03:25,2023-05-22,19:33:04,""
Programming,{Rust_Cpp_Finance},2023-05-22,19:03:25,2023-05-22,19:33:04,""
Programming,{Rust_Cpp_Finance},2023-05-22,10:39:58,2023-05-22,11:39:15,""
Programming,{Rust_Cpp_Finance},2023-05-22,10:39:58,2023-05-22,11:39:15,""
